DATETIME,TIME,LON,LAT,T2M_
"JAN-1980",0,24.375,42,-5.84125  
"JAN-1980",0,25,42,-3.54462  
"JAN-1980",1,24.375,42,-2.18427  
"JAN-1980",1,25,42,-0.3078  
"MAR-1980",2,24.375,42,2.10742  
"MAR-1980",2,25,42,4.13165  
"APR-1980",3,24.375,42,6.36075  
"APR-1980",3,25,42,9.13864  
"MAY-1980",4,24.375,42,11.1591  
"MAY-1980",4,25,42,13.968  
"JUN-1980",5,24.375,42,16.4646  
"JUN-1980",5,25,42,19.5562  
"JUL-1980",6,24.375,42,19.7194  
"JUL-1980",6,25,42,23.0772  
"AUG-1980",7,24.375,42,18.343  
"AUG-1980",7,25,42,21.2077  
"AUG-1980",8,24.375,42,13.7733  
"AUG-1980",8,25,42,16.2846  
"SEP-1980",9,24.375,42,10.7586  
"SEP-1980",9,25,42,13.7085  
"OCT-1980",10,24.375,42,5.82529  
"OCT-1980",10,25,42,8.11093  
"NOV-1980",11,24.375,42,0.0278931  
"NOV-1980",11,25,42,2.21631  
"DEC-1980",12,24.375,42,-5.40503  
"DEC-1980",12,25,42,-3.10815  
"JAN-1981",13,24.375,42,-2.35431  
"JAN-1981",13,25,42,-0.136871  
"MAR-1981",14,24.375,42,5.3703  
"MAR-1981",14,25,42,7.43829  
"APR-1981",15,24.375,42,7.59891  
"APR-1981",15,25,42,10.0805  
"MAY-1981",16,24.375,42,11.6505  
"MAY-1981",16,25,42,14.0652  
"JUN-1981",17,24.375,42,19.4689  
"JUN-1981",17,25,42,22.8678  
"JUL-1981",18,24.375,42,18.5433  
"JUL-1981",18,25,42,21.9448  
"AUG-1981",19,24.375,42,18.3876  
"AUG-1981",19,25,42,21.9267  
"AUG-1981",20,24.375,42,15.6228  
"AUG-1981",20,25,42,18.6289  
"OCT-1981",21,24.375,42,12.3114  
"OCT-1981",21,25,42,14.931  
"OCT-1981",22,24.375,42,1.04395  
"OCT-1981",22,25,42,4.2088  
"DEC-1981",23,24.375,42,0.960388  
"DEC-1981",23,25,42,3.39172  
"DEC-1981",24,24.375,42,-2.02847  
"DEC-1981",24,25,42,-0.63443  
"JAN-1982",25,24.375,42,-3.98419  
"JAN-1982",25,25,42,-1.6409  
"MAR-1982",26,24.375,42,1.1358  
"MAR-1982",26,25,42,3.53494  
"APR-1982",27,24.375,42,6.06433  
"APR-1982",27,25,42,8.56876  
"MAY-1982",28,24.375,42,12.9274  
"MAY-1982",28,25,42,15.7498  
"JUN-1982",29,24.375,42,17.9987  
"JUN-1982",29,25,42,21.2101  
"JUL-1982",30,24.375,42,17.8996  
"JUL-1982",30,25,42,21.394  
"AUG-1982",31,24.375,42,18.7765  
"AUG-1982",31,25,42,21.9148  
"AUG-1982",32,24.375,42,17.0893  
"AUG-1982",32,25,42,20.0544  
"OCT-1982",33,24.375,42,10.0688  
"OCT-1982",33,25,42,12.2813  
"OCT-1982",34,24.375,42,4.05783  
"OCT-1982",34,25,42,5.42206  
"DEC-1982",35,24.375,42,1.41473  
"DEC-1982",35,25,42,3.78488  
"DEC-1982",36,24.375,42,-1.84656  
"DEC-1982",36,25,42,1.03262  
"JAN-1983",37,24.375,42,-3.05356  
"JAN-1983",37,25,42,0.2229  
"MAR-1983",38,24.375,42,3.09451  
"MAR-1983",38,25,42,5.84338  
"APR-1983",39,24.375,42,10.1257  
"APR-1983",39,25,42,13.1744  
"MAY-1983",40,24.375,42,13.9364  
"MAY-1983",40,25,42,17.5003  
"JUN-1983",41,24.375,42,14.7874  
"JUN-1983",41,25,42,18.1709  
"JUL-1983",42,24.375,42,18.5687  
"JUL-1983",42,25,42,22.2099  
"AUG-1983",43,24.375,42,17.3609  
"AUG-1983",43,25,42,20.5934  
"SEP-1983",44,24.375,42,14.8349  
"SEP-1983",44,25,42,17.8404  
"OCT-1983",45,24.375,42,8.51111  
"OCT-1983",45,25,42,11.0408  
"NOV-1983",46,24.375,42,1.44638  
"NOV-1983",46,25,42,3.49878  
"DEC-1983",47,24.375,42,-2.39862  
"DEC-1983",47,25,42,-0.0971985  
"DEC-1983",48,24.375,42,-0.6008  
"DEC-1983",48,25,42,1.74124  
"JAN-1984",49,24.375,42,-1.70065  
"JAN-1984",49,25,42,0.222046  
"MAR-1984",50,24.375,42,-0.127441  
"MAR-1984",50,25,42,2.34796  
"APR-1984",51,24.375,42,5.13019  
"APR-1984",51,25,42,7.7186  
"MAY-1984",52,24.375,42,13.3959  
"MAY-1984",52,25,42,16.1995  
"JUN-1984",53,24.375,42,16.1472  
"JUN-1984",53,25,42,19.4356  
"JUL-1984",54,24.375,42,18.2477  
"JUL-1984",54,25,42,21.5735  
"AUG-1984",55,24.375,42,17.0987  
"AUG-1984",55,25,42,20.3979  
"AUG-1984",56,24.375,42,16.636  
"AUG-1984",56,25,42,19.8461  
"SEP-1984",57,24.375,42,12.8888  
"SEP-1984",57,25,42,15.7075  
"OCT-1984",58,24.375,42,3.6824  
"OCT-1984",58,25,42,5.87091  
"NOV-1984",59,24.375,42,-2.10776  
"NOV-1984",59,25,42,-0.223022  
"DEC-1984",60,24.375,42,-2.97141  
"DEC-1984",60,25,42,-1.35306  
"JAN-1985",61,24.375,42,-4.90308  
"JAN-1985",61,25,42,-2.61697  
"MAR-1985",62,24.375,42,1.55695  
"MAR-1985",62,25,42,2.9989  
"APR-1985",63,24.375,42,9.35431  
"APR-1985",63,25,42,12.478  
"MAY-1985",64,24.375,42,15.3812  
"MAY-1985",64,25,42,18.6061  
"JUN-1985",65,24.375,42,17.1882  
"JUN-1985",65,25,42,20.6809  
"JUL-1985",66,24.375,42,19.6689  
"JUL-1985",66,25,42,23.1679  
"AUG-1985",67,24.375,42,19.9699  
"AUG-1985",67,25,42,23.4401  
"AUG-1985",68,24.375,42,14.8269  
"AUG-1985",68,25,42,17.8963  
"OCT-1985",69,24.375,42,7.98993  
"OCT-1985",69,25,42,10.3299  
"OCT-1985",70,24.375,42,4.45908  
"OCT-1985",70,25,42,6.57614  
"DEC-1985",71,24.375,42,2.41125  
"DEC-1985",71,25,42,4.60391  
"DEC-1985",72,24.375,42,-0.771667  
"DEC-1985",72,25,42,1.74939  
"JAN-1986",73,24.375,42,-3.9313  
"JAN-1986",73,25,42,-2.03506  
"MAR-1986",74,24.375,42,2.60065  
"MAR-1986",74,25,42,4.07495  
"APR-1986",75,24.375,42,10.6491  
"APR-1986",75,25,42,13.5297  
"MAY-1986",76,24.375,42,13.7464  
"MAY-1986",76,25,42,16.7832  
"JUN-1986",77,24.375,42,17.3444  
"JUN-1986",77,25,42,21.0549  
"JUL-1986",78,24.375,42,18.8823  
"JUL-1986",78,25,42,22.4689  
"AUG-1986",79,24.375,42,20.5777  
"AUG-1986",79,25,42,23.9736  
"AUG-1986",80,24.375,42,16.326  
"AUG-1986",80,25,42,19.4507  
"OCT-1986",81,24.375,42,8.76517  
"OCT-1986",81,25,42,11.3608  
"OCT-1986",82,24.375,42,2.35309  
"OCT-1986",82,25,42,3.84155  
"DEC-1986",83,24.375,42,-2.27274  
"DEC-1986",83,25,42,-0.085022  
"DEC-1986",84,24.375,42,-2.91895  
"DEC-1986",84,25,42,-0.324158  
"JAN-1987",85,24.375,42,0.64093  
"JAN-1987",85,25,42,2.74457  
"MAR-1987",86,24.375,42,-2.14246  
"MAR-1987",86,25,42,0.630157  
"APR-1987",87,24.375,42,6.42212  
"APR-1987",87,25,42,9.44043  
"MAY-1987",88,24.375,42,11.1801  
"MAY-1987",88,25,42,14.4651  
"JUN-1987",89,24.375,42,17.6537  
"JUN-1987",89,25,42,21.3011  
"JUL-1987",90,24.375,42,21.8054  
"JUL-1987",90,25,42,24.9435  
"AUG-1987",91,24.375,42,19.1571  
"AUG-1987",91,25,42,22.2403  
"SEP-1987",92,24.375,42,18.3542  
"SEP-1987",92,25,42,21.4127  
"OCT-1987",93,24.375,42,7.80331  
"OCT-1987",93,25,42,9.8483  
"NOV-1987",94,24.375,42,4.94638  
"NOV-1987",94,25,42,7.5715  
"DEC-1987",95,24.375,42,-0.211426  
"DEC-1987",95,25,42,1.68231  
"DEC-1987",96,24.375,42,1.12228  
"DEC-1987",96,25,42,2.95331  
"JAN-1988",97,24.375,42,0.0858459  
"JAN-1988",97,25,42,3.00418  
"MAR-1988",98,24.375,42,2.1275  
"MAR-1988",98,25,42,5.27124  
"APR-1988",99,24.375,42,7.47119  
"APR-1988",99,25,42,10.0002  
"MAY-1988",100,24.375,42,13.7209  
"MAY-1988",100,25,42,16.5361  
"JUN-1988",101,24.375,42,17.1351  
"JUN-1988",101,25,42,20.845  
"JUL-1988",102,24.375,42,22.6009  
"JUL-1988",102,25,42,26.3952  
"JUL-1988",103,24.375,42,21.6342  
"JUL-1988",103,25,42,24.9258  
"AUG-1988",104,24.375,42,16.1753  
"AUG-1988",104,25,42,19.3551  
"SEP-1988",105,24.375,42,8.41937  
"SEP-1988",105,25,42,10.792  
"OCT-1988",106,24.375,42,-1.21866  
"OCT-1988",106,25,42,0.929657  
"NOV-1988",107,24.375,42,-1.84717  
"NOV-1988",107,25,42,0.715576  
"DEC-1988",108,24.375,42,-1.6701  
"DEC-1988",108,25,42,0.371307  
"JAN-1989",109,24.375,42,1.64651  
"JAN-1989",109,25,42,4.12564  
"MAR-1989",110,24.375,42,5.7626  
"MAR-1989",110,25,42,8.57629  
"APR-1989",111,24.375,42,11.5414  
"APR-1989",111,25,42,14.3056  
"MAY-1989",112,24.375,42,12.3334  
"MAY-1989",112,25,42,15.464  
"JUN-1989",113,24.375,42,15.4181  
"JUN-1989",113,25,42,18.8898  
"JUL-1989",114,24.375,42,18.6193  
"JUL-1989",114,25,42,22.0882  
"AUG-1989",115,24.375,42,19.7075  
"AUG-1989",115,25,42,23.3434  
"AUG-1989",116,24.375,42,14.8959  
"AUG-1989",116,25,42,17.9289  
"OCT-1989",117,24.375,42,9.01065  
"OCT-1989",117,25,42,11.8821  
"OCT-1989",118,24.375,42,3.10236  
"OCT-1989",118,25,42,5.46463  
"NOV-1989",119,24.375,42,-0.226959  
"NOV-1989",119,25,42,2.14343  
"DEC-1989",120,24.375,42,-2.75024  
"DEC-1989",120,25,42,-1.40247  
"JAN-1990",121,24.375,42,2.00525  
"JAN-1990",121,25,42,4.30533  
"MAR-1990",122,24.375,42,6.22885  
"MAR-1990",122,25,42,9.26453  
"APR-1990",123,24.375,42,8.4332  
"APR-1990",123,25,42,11.5522  
"MAY-1990",124,24.375,42,12.9795  
"MAY-1990",124,25,42,16.0087  
"JUN-1990",125,24.375,42,17.4745  
"JUN-1990",125,25,42,21.0487  
"JUL-1990",126,24.375,42,20.583  
"JUL-1990",126,25,42,24.3348  
"AUG-1990",127,24.375,42,19.2335  
"AUG-1990",127,25,42,22.8576  
"AUG-1990",128,24.375,42,14.7671  
"AUG-1990",128,25,42,17.9548  
"OCT-1990",129,24.375,42,10.7776  
"OCT-1990",129,25,42,12.8266  
"OCT-1990",130,24.375,42,6.75153  
"OCT-1990",130,25,42,9.16391  
"DEC-1990",131,24.375,42,-0.44339  
"DEC-1990",131,25,42,2.21268  
"DEC-1990",132,24.375,42,-1.62451  
"DEC-1990",132,25,42,0.712067  
"JAN-1991",133,24.375,42,-1.89389  
"JAN-1991",133,25,42,0.415436  
"MAR-1991",134,24.375,42,4.33212  
"MAR-1991",134,25,42,5.44028  
"APR-1991",135,24.375,42,6.25656  
"APR-1991",135,25,42,9.07504  
"MAY-1991",136,24.375,42,10.5175  
"MAY-1991",136,25,42,13.8354  
"JUN-1991",137,24.375,42,18.1568  
"JUN-1991",137,25,42,21.4223  
"JUL-1991",138,24.375,42,19.2338  
"JUL-1991",138,25,42,22.7992  
"AUG-1991",139,24.375,42,18.4389  
"AUG-1991",139,25,42,22.2236  
"SEP-1991",140,24.375,42,15.4172  
"SEP-1991",140,25,42,18.682  
"OCT-1991",141,24.375,42,9.56796  
"OCT-1991",141,25,42,12.4241  
"NOV-1991",142,24.375,42,4.47061  
"NOV-1991",142,25,42,6.48138  
"DEC-1991",143,24.375,42,-4.15918  
"DEC-1991",143,25,42,-1.9328  
"DEC-1991",144,24.375,42,-1.86157  
"DEC-1991",144,25,42,0.364777  
"JAN-1992",145,24.375,42,-2.21857  
"JAN-1992",145,25,42,1.0863  
"MAR-1992",146,24.375,42,2.5943  
"MAR-1992",146,25,42,5.83774  
"APR-1992",147,24.375,42,8.16611  
"APR-1992",147,25,42,11.5175  
"MAY-1992",148,24.375,42,11.2328  
"MAY-1992",148,25,42,14.5508  
"JUN-1992",149,24.375,42,16.7931  
"JUN-1992",149,25,42,20.0474  
"JUL-1992",150,24.375,42,18.1454  
"JUL-1992",150,25,42,21.6123  
"JUL-1992",151,24.375,42,21.9019  
"JUL-1992",151,25,42,25.1799  
"AUG-1992",152,24.375,42,14.8268  
"AUG-1992",152,25,42,18.1093  
"SEP-1992",153,24.375,42,12.388  
"SEP-1992",153,25,42,15.5829  
"OCT-1992",154,24.375,42,4.91473  
"OCT-1992",154,25,42,7.44632  
"NOV-1992",155,24.375,42,-2.21835  
"NOV-1992",155,25,42,-0.251007  
"DEC-1992",156,24.375,42,-1.84195  
"DEC-1992",156,25,42,0.448975  
"JAN-1993",157,24.375,42,-3.17401  
"JAN-1993",157,25,42,-0.38385  
"MAR-1993",158,24.375,42,2.08917  
"MAR-1993",158,25,42,4.92505  
"APR-1993",159,24.375,42,7.63092  
"APR-1993",159,25,42,10.6972  
"MAY-1993",160,24.375,42,13.1779  
"MAY-1993",160,25,42,16.2307  
"JUN-1993",161,24.375,42,18.0991  
"JUN-1993",161,25,42,21.4266  
"JUL-1993",162,24.375,42,20.3393  
"JUL-1993",162,25,42,23.6003  
"AUG-1993",163,24.375,42,20.3796  
"AUG-1993",163,25,42,23.893  
"AUG-1993",164,24.375,42,15.9948  
"AUG-1993",164,25,42,18.9252  
"OCT-1993",165,24.375,42,13.0515  
"OCT-1993",165,25,42,15.4723  
"OCT-1993",166,24.375,42,-0.0616455  
"OCT-1993",166,25,42,2.24561  
"NOV-1993",167,24.375,42,2.03748  
"NOV-1993",167,25,42,4.31326  
"DEC-1993",168,24.375,42,1.27652  
"DEC-1993",168,25,42,3.35107  
"JAN-1994",169,24.375,42,-0.72464  
"JAN-1994",169,25,42,1.73041  
"MAR-1994",170,24.375,42,5.12018  
"MAR-1994",170,25,42,7.93237  
"APR-1994",171,24.375,42,9.87253  
"APR-1994",171,25,42,13.0166  
"MAY-1994",172,24.375,42,15.0183  
"MAY-1994",172,25,42,18.4009  
"JUN-1994",173,24.375,42,18.0274  
"JUN-1994",173,25,42,21.4807  
"JUL-1994",174,24.375,42,20.1148  
"JUL-1994",174,25,42,24.0953  
"AUG-1994",175,24.375,42,21.2856  
"AUG-1994",175,25,42,25.1864  
"AUG-1994",176,24.375,42,19.8643  
"AUG-1994",176,25,42,23.2777  
"OCT-1994",177,24.375,42,10.381  
"OCT-1994",177,25,42,13.18  
"OCT-1994",178,24.375,42,3.14099  
"OCT-1994",178,25,42,5.12265  
"DEC-1994",179,24.375,42,-0.810455  
"DEC-1994",179,25,42,1.30032  
"DEC-1994",180,24.375,42,-3.57437  
"DEC-1994",180,25,42,-1.95386  
"JAN-1995",181,24.375,42,3.03876  
"JAN-1995",181,25,42,5.30951  
"MAR-1995",182,24.375,42,2.90741  
"MAR-1995",182,25,42,5.54837  
"APR-1995",183,24.375,42,6.83084  
"APR-1995",183,25,42,10.0341  
"MAY-1995",184,24.375,42,12.6507  
"MAY-1995",184,25,42,15.9785  
"JUN-1995",185,24.375,42,18.1658  
"JUN-1995",185,25,42,21.937  
"JUL-1995",186,24.375,42,19.66  
"JUL-1995",186,25,42,23.4088  
"AUG-1995",187,24.375,42,18.2996  
"AUG-1995",187,25,42,22.1131  
"SEP-1995",188,24.375,42,14.9745  
"SEP-1995",188,25,42,18.3192  
"OCT-1995",189,24.375,42,8.30655  
"OCT-1995",189,25,42,10.9738  
"NOV-1995",190,24.375,42,0.769897  
"NOV-1995",190,25,42,3.38843  
"DEC-1995",191,24.375,42,-0.752197  
"DEC-1995",191,25,42,1.69525  
"DEC-1995",192,24.375,42,-3.35504  
"DEC-1995",192,25,42,-1.72272  
"JAN-1996",193,24.375,42,-2.38184  
"JAN-1996",193,25,42,-0.63855  
"MAR-1996",194,24.375,42,-2.26331  
"MAR-1996",194,25,42,0.343048  
"APR-1996",195,24.375,42,6.24469  
"APR-1996",195,25,42,9.06332  
"MAY-1996",196,24.375,42,14.9998  
"MAY-1996",196,25,42,18.3652  
"JUN-1996",197,24.375,42,18.7703  
"JUN-1996",197,25,42,22.3252  
"JUL-1996",198,24.375,42,20.6557  
"JUL-1996",198,25,42,24.6052  
"JUL-1996",199,24.375,42,19.4334  
"JUL-1996",199,25,42,22.8585  
"AUG-1996",200,24.375,42,12.6296  
"AUG-1996",200,25,42,15.9698  
"SEP-1996",201,24.375,42,8.20099  
"SEP-1996",201,25,42,10.954  
"OCT-1996",202,24.375,42,7.10104  
"OCT-1996",202,25,42,9.51965  
"NOV-1996",203,24.375,42,1.08514  
"NOV-1996",203,25,42,2.97101  
"DEC-1996",204,24.375,42,0.271454  
"DEC-1996",204,25,42,1.46503  
"JAN-1997",205,24.375,42,-0.00012207  
"JAN-1997",205,25,42,2.55585  
"MAR-1997",206,24.375,42,0.770264  
"MAR-1997",206,25,42,3.76648  
"APR-1997",207,24.375,42,2.7977  
"APR-1997",207,25,42,6.20367  
"MAY-1997",208,24.375,42,13.1949  
"MAY-1997",208,25,42,16.4752  
"JUN-1997",209,24.375,42,18.261  
"JUN-1997",209,25,42,21.9904  
"JUL-1997",210,24.375,42,19.5453  
"JUL-1997",210,25,42,23.4944  
"AUG-1997",211,24.375,42,17.0495  
"AUG-1997",211,25,42,20.8438  
"AUG-1997",212,24.375,42,13.0846  
"AUG-1997",212,25,42,16.0226  
"OCT-1997",213,24.375,42,7.73096  
"OCT-1997",213,25,42,10.669  
"OCT-1997",214,24.375,42,4.25  
"OCT-1997",214,25,42,6.47513  
"NOV-1997",215,24.375,42,-0.848969  
"NOV-1997",215,25,42,1.24365  
"DEC-1997",216,24.375,42,0.621643  
"DEC-1997",216,25,42,3.06601  
"JAN-1998",217,24.375,42,0.962036  
"JAN-1998",217,25,42,3.13824  
"MAR-1998",218,24.375,42,-0.0352783  
"MAR-1998",218,25,42,3.2225  
"APR-1998",219,24.375,42,9.52695  
"APR-1998",219,25,42,12.7375  
"MAY-1998",220,24.375,42,12.4695  
"MAY-1998",220,25,42,15.4516  
"JUN-1998",221,24.375,42,18.4926  
"JUN-1998",221,25,42,21.8448  
"JUL-1998",222,24.375,42,21.0467  
"JUL-1998",222,25,42,24.7288  
"AUG-1998",223,24.375,42,21.6942  
"AUG-1998",223,25,42,25.3028  
"AUG-1998",224,24.375,42,14.533  
"AUG-1998",224,25,42,17.5466  
"OCT-1998",225,24.375,42,11.414  
"OCT-1998",225,25,42,13.7251  
"OCT-1998",226,24.375,42,2.56  
"OCT-1998",226,25,42,4.68069  
"DEC-1998",227,24.375,42,-2.94495  
"DEC-1998",227,25,42,-1.30524  
"DEC-1998",228,24.375,42,-0.24765  
"DEC-1998",228,25,42,1.31259  
"JAN-1999",229,24.375,42,-1.64053  
"JAN-1999",229,25,42,1.38409  
"MAR-1999",230,24.375,42,3.24991  
"MAR-1999",230,25,42,6.06039  
"APR-1999",231,24.375,42,9.01349  
"APR-1999",231,25,42,12.3964  
"MAY-1999",232,24.375,42,14.2091  
"MAY-1999",232,25,42,17.0817  
"JUN-1999",233,24.375,42,18.5877  
"JUN-1999",233,25,42,22.2786  
"JUL-1999",234,24.375,42,20.4218  
"JUL-1999",234,25,42,24.1277  
"AUG-1999",235,24.375,42,21.0857  
"AUG-1999",235,25,42,24.1996  
"SEP-1999",236,24.375,42,16.3703  
"SEP-1999",236,25,42,19.2928  
"OCT-1999",237,24.375,42,11.1466  
"OCT-1999",237,25,42,13.8578  
"OCT-1999",238,24.375,42,4.2673  
"OCT-1999",238,25,42,6.26254  
"DEC-1999",239,24.375,42,2.11905  
"DEC-1999",239,25,42,4.56323  
"DEC-1999",240,24.375,42,-6.72928  
"DEC-1999",240,25,42,-3.36685  
"JAN-2000",241,24.375,42,-0.313293  
"JAN-2000",241,25,42,2.51385  
"MAR-2000",242,24.375,42,2.41318  
"MAR-2000",242,25,42,5.69534  
"APR-2000",243,24.375,42,10.1656  
"APR-2000",243,25,42,13.3632  
"MAY-2000",244,24.375,42,14.3521  
"MAY-2000",244,25,42,17.3926  
"JUN-2000",245,24.375,42,18.4012  
"JUN-2000",245,25,42,21.7785  
"JUL-2000",246,24.375,42,22.4631  
"JUL-2000",246,25,42,26.4749  
"JUL-2000",247,24.375,42,20.7209  
"JUL-2000",247,25,42,24.2945  
"AUG-2000",248,24.375,42,15.0807  
"AUG-2000",248,25,42,18.34  
"SEP-2000",249,24.375,42,9.6347  
"SEP-2000",249,25,42,11.6479  
"OCT-2000",250,24.375,42,8.42188  
"OCT-2000",250,25,42,10.5044  
"NOV-2000",251,24.375,42,2.16025  
"NOV-2000",251,25,42,4.0051  
"DEC-2000",252,24.375,42,-0.590393  
"DEC-2000",252,25,42,1.42789  
"JAN-2001",253,24.375,42,1.09879  
"JAN-2001",253,25,42,3.61365  
"MAR-2001",254,24.375,42,7.6413  
"MAR-2001",254,25,42,10.3994  
"APR-2001",255,24.375,42,8.07727  
"APR-2001",255,25,42,10.9723  
"MAY-2001",256,24.375,42,13.6581  
"MAY-2001",256,25,42,16.4093  
"JUN-2001",257,24.375,42,17.3587  
"JUN-2001",257,25,42,20.7995  
"JUL-2001",258,24.375,42,20.8961  
"JUL-2001",258,25,42,24.7393  
"AUG-2001",259,24.375,42,20.8412  
"AUG-2001",259,25,42,24.6378  
"AUG-2001",260,24.375,42,16.2824  
"AUG-2001",260,25,42,19.5448  
"OCT-2001",261,24.375,42,11.4268  
"OCT-2001",261,25,42,13.9081  
"OCT-2001",262,24.375,42,2.98154  
"OCT-2001",262,25,42,5.565  
"NOV-2001",263,24.375,42,-6.63776  
"NOV-2001",263,25,42,-4.51834  
"DEC-2001",264,24.375,42,-2.50571  
"DEC-2001",264,25,42,-0.921875  
"JAN-2002",265,24.375,42,4.35925  
"JAN-2002",265,25,42,6.7243  
"MAR-2002",266,24.375,42,4.37115  
"MAR-2002",266,25,42,7.03305  
"APR-2002",267,24.375,42,6.87274  
"APR-2002",267,25,42,9.24478  
"MAY-2002",268,24.375,42,14.0408  
"MAY-2002",268,25,42,16.7561  
"JUN-2002",269,24.375,42,18.7018  
"JUN-2002",269,25,42,22.4008  
"JUL-2002",270,24.375,42,20.8758  
"JUL-2002",270,25,42,24.4155  
"AUG-2002",271,24.375,42,17.8885  
"AUG-2002",271,25,42,21.2495  
"AUG-2002",272,24.375,42,14.1599  
"AUG-2002",272,25,42,17.5576  
"OCT-2002",273,24.375,42,9.82028  
"OCT-2002",273,25,42,12.5178  
"OCT-2002",274,24.375,42,6.18893  
"OCT-2002",274,25,42,8.30753  
"DEC-2002",275,24.375,42,-2.59134  
"DEC-2002",275,25,42,-0.427246  
"DEC-2002",276,24.375,42,-0.846863  
"DEC-2002",276,25,42,1.0802  
"JAN-2003",277,24.375,42,-6.28067  
"JAN-2003",277,25,42,-3.81464  
"MAR-2003",278,24.375,42,0.528534  
"MAR-2003",278,25,42,2.82413  
"APR-2003",279,24.375,42,5.11816  
"APR-2003",279,25,42,7.98135  
"MAY-2003",280,24.375,42,15.7125  
"MAY-2003",280,25,42,18.2296  
"JUN-2003",281,24.375,42,19.5148  
"JUN-2003",281,25,42,23.2779  
"JUL-2003",282,24.375,42,20.5104  
"JUL-2003",282,25,42,24.2466  
"AUG-2003",283,24.375,42,21.3675  
"AUG-2003",283,25,42,25.2061  
"SEP-2003",284,24.375,42,14.0894  
"SEP-2003",284,25,42,17.1349  
"OCT-2003",285,24.375,42,9.8587  
"OCT-2003",285,25,42,12.6204  
"OCT-2003",286,24.375,42,5.76254  
"OCT-2003",286,25,42,7.95001  
"DEC-2003",287,24.375,42,-0.868561  
"DEC-2003",287,25,42,1.24478  
"DEC-2003",288,24.375,42,-3.3223  
"DEC-2003",288,25,42,-0.861938  
"JAN-2004",289,24.375,42,0.0183105  
"JAN-2004",289,25,42,2.77844  
"MAR-2004",290,24.375,42,3.5979  
"MAR-2004",290,25,42,6.15381  
"APR-2004",291,24.375,42,8.8093  
"APR-2004",291,25,42,11.428  
"MAY-2004",292,24.375,42,12.0603  
"MAY-2004",292,25,42,15.0811  
"JUN-2004",293,24.375,42,17.1639  
"JUN-2004",293,25,42,20.1948  
"JUL-2004",294,24.375,42,19.9061  
"JUL-2004",294,25,42,22.9645  
"JUL-2004",295,24.375,42,19.6166  
"JUL-2004",295,25,42,22.8265  
"AUG-2004",296,24.375,42,15.9335  
"AUG-2004",296,25,42,19.0915  
"SEP-2004",297,24.375,42,12.0013  
"SEP-2004",297,25,42,14.8528  
"OCT-2004",298,24.375,42,5.31982  
"OCT-2004",298,25,42,7.98923  
"NOV-2004",299,24.375,42,1.25992  
"NOV-2004",299,25,42,3.16946  
"DEC-2004",300,24.375,42,-1.29504  
"DEC-2004",300,25,42,1.43921  
"JAN-2005",301,24.375,42,-2.87921  
"JAN-2005",301,25,42,-0.022583  
"MAR-2005",302,24.375,42,2.40939  
"MAR-2005",302,25,42,5.04913  
"APR-2005",303,24.375,42,8.07123  
"APR-2005",303,25,42,11.1396  
"MAY-2005",304,24.375,42,14.1615  
"MAY-2005",304,25,42,17.1183  
"JUN-2005",305,24.375,42,16.476  
"JUN-2005",305,25,42,19.7653  
"JUL-2005",306,24.375,42,19.5991  
"JUL-2005",306,25,42,22.6458  
"AUG-2005",307,24.375,42,19.2892  
"AUG-2005",307,25,42,22.8041  
"AUG-2005",308,24.375,42,15.4043  
"AUG-2005",308,25,42,18.4276  
"SEP-2005",309,24.375,42,8.77924  
"SEP-2005",309,25,42,11.5338  
"OCT-2005",310,24.375,42,3.37027  
"OCT-2005",310,25,42,5.58673  
"NOV-2005",311,24.375,42,-0.253876  
"NOV-2005",311,25,42,2.15457  
"DEC-2005",312,24.375,42,-5.30655  
"DEC-2005",312,25,42,-2.29611  
"JAN-2006",313,24.375,42,-1.55716  
"JAN-2006",313,25,42,0.838226  
"MAR-2006",314,24.375,42,3.62482  
"MAR-2006",314,25,42,6.56473  
"APR-2006",315,24.375,42,9.13947  
"APR-2006",315,25,42,11.6797  
"MAY-2006",316,24.375,42,13.5595  
"MAY-2006",316,25,42,16.6643  
"JUN-2006",317,24.375,42,17.1017  
"JUN-2006",317,25,42,20.7737  
"JUL-2006",318,24.375,42,19.0156  
"JUL-2006",318,25,42,22.8992  
"AUG-2006",319,24.375,42,21.2771  
"AUG-2006",319,25,42,24.9369  
"AUG-2006",320,24.375,42,15.2385  
"AUG-2006",320,25,42,18.3347  
"OCT-2006",321,24.375,42,10.9725  
"OCT-2006",321,25,42,13.7764  
"OCT-2006",322,24.375,42,4.76648  
"OCT-2006",322,25,42,7.41815  
"DEC-2006",323,24.375,42,1.00882  
"DEC-2006",323,25,42,2.9801  
"DEC-2006",324,24.375,42,2.74261  
"DEC-2006",324,25,42,5.54944  
"JAN-2007",325,24.375,42,1.54153  
"JAN-2007",325,25,42,4.17825  
"MAR-2007",326,24.375,42,4.39944  
"MAR-2007",326,25,42,7.07681  
"APR-2007",327,24.375,42,8.63885  
"APR-2007",327,25,42,11.7375  
"MAY-2007",328,24.375,42,15.6118  
"MAY-2007",328,25,42,18.6975  
"JUN-2007",329,24.375,42,19.5949  
"JUN-2007",329,25,42,23.3928  
"JUL-2007",330,24.375,42,23.3505  
"JUL-2007",330,25,42,26.9412  
"AUG-2007",331,24.375,42,21.0026  
"AUG-2007",331,25,42,24.5089  
"SEP-2007",332,24.375,42,14.3493  
"SEP-2007",332,25,42,17.289  
"OCT-2007",333,24.375,42,10.4278  
"OCT-2007",333,25,42,12.9811  
"OCT-2007",334,24.375,42,3.22729  
"OCT-2007",334,25,42,5.60904  
"DEC-2007",335,24.375,42,-1.05453  
"DEC-2007",335,25,42,0.770996  
"DEC-2007",336,24.375,42,-1.88867  
"DEC-2007",336,25,42,-0.161102  
"JAN-2008",337,24.375,42,0.594147  
"JAN-2008",337,25,42,3.22806  
"MAR-2008",338,24.375,42,5.55176  
"MAR-2008",338,25,42,8.49359  
"APR-2008",339,24.375,42,9.40585  
"APR-2008",339,25,42,12.7607  
"MAY-2008",340,24.375,42,13.8315  
"MAY-2008",340,25,42,17.1064  
"MAY-2008",341,24.375,42,18.749  
"MAY-2008",341,25,42,22.0954  
"JUL-2008",342,24.375,42,20.4576  
"JUL-2008",342,25,42,24.1481  
"JUL-2008",343,24.375,42,21.8383  
"JUL-2008",343,25,42,25.4539  
"AUG-2008",344,24.375,42,14.9501  
"AUG-2008",344,25,42,18.074  
"SEP-2008",345,24.375,42,10.7531  
"SEP-2008",345,25,42,13.5561  
"OCT-2008",346,24.375,42,5.69833  
"OCT-2008",346,25,42,8.00269  
"NOV-2008",347,24.375,42,0.380402  
"NOV-2008",347,25,42,3.15112  
"DEC-2008",348,24.375,42,-0.976959  
"DEC-2008",348,25,42,1.23758  
"JAN-2009",349,24.375,42,-0.9776  
"JAN-2009",349,25,42,1.90152  
"MAR-2009",350,24.375,42,1.95889  
"MAR-2009",350,25,42,5.36429  
"APR-2009",351,24.375,42,8.46524  
"APR-2009",351,25,42,10.9888  
"MAY-2009",352,24.375,42,14.4405  
"MAY-2009",352,25,42,17.5728  
"JUN-2009",353,24.375,42,18.6797  
"JUN-2009",353,25,42,22.2845  
"JUL-2009",354,24.375,42,20.62  
"JUL-2009",354,25,42,24.2199  
"AUG-2009",355,24.375,42,19.701  
"AUG-2009",355,25,42,23.5077  
"AUG-2009",356,24.375,42,15.1399  
"AUG-2009",356,25,42,18.3356  
"SEP-2009",357,24.375,42,10.9999  
"SEP-2009",357,25,42,13.645  
"OCT-2009",358,24.375,42,6.83905  
"OCT-2009",358,25,42,9.13953  
"NOV-2009",359,24.375,42,2.37967  
"NOV-2009",359,25,42,4.13504  
"DEC-2009",360,24.375,42,-1.6611  
"DEC-2009",360,25,42,0.0221863  
"JAN-2010",361,24.375,42,0.205261  
"JAN-2010",361,25,42,2.58737  
"MAR-2010",362,24.375,42,3.06516  
"MAR-2010",362,25,42,5.6066  
"APR-2010",363,24.375,42,8.39343  
"APR-2010",363,25,42,11.1191  
"MAY-2010",364,24.375,42,14.3089  
"MAY-2010",364,25,42,17.2183  
"JUN-2010",365,24.375,42,17.6808  
"JUN-2010",365,25,42,20.9178  
"JUL-2010",366,24.375,42,19.4829  
"JUL-2010",366,25,42,22.7547  
"AUG-2010",367,24.375,42,22.3102  
"AUG-2010",367,25,42,25.9386  
"AUG-2010",368,24.375,42,15.7782  
"AUG-2010",368,25,42,19.1486  
"OCT-2010",369,24.375,42,7.64459  
"OCT-2010",369,25,42,9.97559  
"OCT-2010",370,24.375,42,9.27948  
"OCT-2010",370,25,42,11.9173  
"DEC-2010",371,24.375,42,1.17889  
"DEC-2010",371,25,42,3.43195  
"DEC-2010",372,24.375,42,-0.402069  
"DEC-2010",372,25,42,1.37036  
"JAN-2011",373,24.375,42,-0.538574  
"JAN-2011",373,25,42,1.17914  
"MAR-2011",374,24.375,42,2.86462  
"MAR-2011",374,25,42,5.50159  
"APR-2011",375,24.375,42,6.78732  
"APR-2011",375,25,42,9.35162  
"MAY-2011",376,24.375,42,12.8762  
"MAY-2011",376,25,42,16.0569  
"JUN-2011",377,24.375,42,17.6663  
"JUN-2011",377,25,42,21.127  
"JUL-2011",378,24.375,42,21.8017  
"JUL-2011",378,25,42,25.3124  
"AUG-2011",379,24.375,42,20.2148  
"AUG-2011",379,25,42,23.3593  
"SEP-2011",380,24.375,42,18.1886  
"SEP-2011",380,25,42,21.4335  
"OCT-2011",381,24.375,42,8.00204  
"OCT-2011",381,25,42,10.5192  
"OCT-2011",382,24.375,42,2.10626  
"OCT-2011",382,25,42,3.60864  
"DEC-2011",383,24.375,42,0.903473  
"DEC-2011",383,25,42,3.24146  
"DEC-2011",384,24.375,42,-5.75385  
"DEC-2011",384,25,42,-2.48865  
"JAN-2012",385,24.375,42,-5.38873  
"JAN-2012",385,25,42,-3.11548  
"MAR-2012",386,24.375,42,3.61752  
"MAR-2012",386,25,42,6.48077  
"APR-2012",387,24.375,42,9.46918  
"APR-2012",387,25,42,12.6304  
"MAY-2012",388,24.375,42,13.4722  
"MAY-2012",388,25,42,16.5456  
"MAY-2012",389,24.375,42,19.945  
"MAY-2012",389,25,42,23.3318  
"JUL-2012",390,24.375,42,23.9757  
"JUL-2012",390,25,42,27.7864  
"JUL-2012",391,24.375,42,22.3378  
"JUL-2012",391,25,42,26.0765  
"AUG-2012",392,24.375,42,18.2016  
"AUG-2012",392,25,42,21.2682  
"SEP-2012",393,24.375,42,13.6331  
"SEP-2012",393,25,42,16.5673  
"OCT-2012",394,24.375,42,6.49667  
"OCT-2012",394,25,42,8.48953  
"NOV-2012",395,24.375,42,-1.59387  
"NOV-2012",395,25,42,0.234863  
"DEC-2012",396,24.375,42,-0.960876  
"DEC-2012",396,25,42,1.55652  
"JAN-2013",397,24.375,42,1.5094  
"JAN-2013",397,25,42,3.9259  
"MAR-2013",398,24.375,42,4.34198  
"MAR-2013",398,25,42,7.03363  
"APR-2013",399,24.375,42,9.93097  
"APR-2013",399,25,42,12.6528  
"MAY-2013",400,24.375,42,15.6563  
"MAY-2013",400,25,42,19.0445  
"JUN-2013",401,24.375,42,17.9432  
"JUN-2013",401,25,42,21.1053  
"JUL-2013",402,24.375,42,19.4803  
"JUL-2013",402,25,42,23.4129  
"AUG-2013",403,24.375,42,21.4848  
"AUG-2013",403,25,42,25.4047  
"AUG-2013",404,24.375,42,16.065  
"AUG-2013",404,25,42,19.8629  
"SEP-2013",405,24.375,42,11.4973  
"SEP-2013",405,25,42,13.4448  
"OCT-2013",406,24.375,42,6.82999  
"OCT-2013",406,25,42,9.09464  
"NOV-2013",407,24.375,42,0.122589  
"NOV-2013",407,25,42,1.86758  
"DEC-2013",408,24.375,42,2.53583  
"DEC-2013",408,25,42,4.38547  
"JAN-2014",409,24.375,42,3.88519  
"JAN-2014",409,25,42,6.18036  
"MAR-2014",410,24.375,42,6.11176  
"MAR-2014",410,25,42,8.96716  
"APR-2014",411,24.375,42,9.51416  
"APR-2014",411,25,42,12.3109  
"MAY-2014",412,24.375,42,13.307  
"MAY-2014",412,25,42,16.3821  
"JUN-2014",413,24.375,42,17.1449  
"JUN-2014",413,25,42,20.1913  
"JUL-2014",414,24.375,42,19.8808  
"JUL-2014",414,25,42,23.1989  
"AUG-2014",415,24.375,42,20.559  
"AUG-2014",415,25,42,23.9467  
"AUG-2014",416,24.375,42,14.5391  
"AUG-2014",416,25,42,17.4914  
"OCT-2014",417,24.375,42,9.28745  
"OCT-2014",417,25,42,11.5895  
"OCT-2014",418,24.375,42,5.05792  
"OCT-2014",418,25,42,6.5278  
"DEC-2014",419,24.375,42,1.36719  
"DEC-2014",419,25,42,3.54852  
"DEC-2014",420,24.375,42,-0.619476  
"DEC-2014",420,25,42,1.74326  
"JAN-2015",421,24.375,42,-0.549713  
"JAN-2015",421,25,42,1.91254  
"MAR-2015",422,24.375,42,1.38712  
"MAR-2015",422,25,42,4.44855  
"APR-2015",423,24.375,42,6.81458  
"APR-2015",423,25,42,9.81375  
"MAY-2015",424,24.375,42,14.8849  
"MAY-2015",424,25,42,17.6023  
"JUN-2015",425,24.375,42,15.9422  
"JUN-2015",425,25,42,19.0495  
"JUL-2015",426,24.375,42,21.2416  
"JUL-2015",426,25,42,24.8799  
"AUG-2015",427,24.375,42,21.168  
"AUG-2015",427,25,42,24.781  
"AUG-2015",428,24.375,42,18.0549  
"AUG-2015",428,25,42,20.7479  
"OCT-2015",429,24.375,42,9.54898  
"OCT-2015",429,25,42,11.7934  
"OCT-2015",430,24.375,42,7.8833  
"OCT-2015",430,25,42,10.3442  
"DEC-2015",431,24.375,42,2.35068  
"DEC-2015",431,25,42,4.16757  
"DEC-2015",432,24.375,42,-2.06854  
"DEC-2015",432,25,42,0.0609436  
"JAN-2016",433,24.375,42,5.39648  
"JAN-2016",433,25,42,7.72159  
"MAR-2016",434,24.375,42,4.95734  
"MAR-2016",434,25,42,7.82788  
"APR-2016",435,24.375,42,12.0627  
"APR-2016",435,25,42,14.716  
"MAY-2016",436,24.375,42,12.642  
"MAY-2016",436,25,42,15.6425  
"MAY-2016",437,24.375,42,19.4085  
"MAY-2016",437,25,42,22.5856  
"JUL-2016",438,24.375,42,21.6746  
"JUL-2016",438,25,42,25.33  
"JUL-2016",439,24.375,42,20.4659  
"JUL-2016",439,25,42,24.4168  
"AUG-2016",440,24.375,42,16.3989  
"AUG-2016",440,25,42,20.0355  
"SEP-2016",441,24.375,42,9.67401  
"SEP-2016",441,25,42,11.8948  
"OCT-2016",442,24.375,42,5.12628  
"OCT-2016",442,25,42,7.20978  
"NOV-2016",443,24.375,42,-2.49161  
"NOV-2016",443,25,42,-0.0708008  
"DEC-2016",444,24.375,42,-7.49915  
"DEC-2016",444,25,42,-5.41907  
"JAN-2017",445,24.375,42,1.14648  
"JAN-2017",445,25,42,3.51117  
"MAR-2017",446,24.375,42,6.00082  
"MAR-2017",446,25,42,8.65976  
"APR-2017",447,24.375,42,8.12552  
"APR-2017",447,25,42,10.9349  
"MAY-2017",448,24.375,42,13.5324  
"MAY-2017",448,25,42,16.6595  
"JUN-2017",449,24.375,42,19.2172  
"JUN-2017",449,25,42,22.6414  
"JUL-2017",450,24.375,42,21.1321  
"JUL-2017",450,25,42,24.8525  
"AUG-2017",451,24.375,42,21.3177  
"AUG-2017",451,25,42,24.9456  
"AUG-2017",452,24.375,42,17.3036  
"AUG-2017",452,25,42,20.6832  
"SEP-2017",453,24.375,42,10.2532  
"SEP-2017",453,25,42,12.8899  
"OCT-2017",454,24.375,42,4.95441  
"OCT-2017",454,25,42,7.30969  
"NOV-2017",455,24.375,42,1.6452  
"NOV-2017",455,25,42,4.14514  
"DEC-2017",456,24.375,42,0.561554  
"DEC-2017",456,25,42,2.47919  
"JAN-2018",457,24.375,42,0.238983  
"JAN-2018",457,25,42,2.39304  
"MAR-2018",458,24.375,42,4.69138  
"MAR-2018",458,25,42,7.02628  
"APR-2018",459,24.375,42,12.8293  
"APR-2018",459,25,42,15.1334  
"MAY-2018",460,24.375,42,15.7065  
"MAY-2018",460,25,42,18.5356  
"JUN-2018",461,24.375,42,18.0744  
"JUN-2018",461,25,42,21.4843  
"JUL-2018",462,24.375,42,19.3368  
"JUL-2018",462,25,42,22.6441  
"AUG-2018",463,24.375,42,20.3549  
"AUG-2018",463,25,42,24.0954  
"AUG-2018",464,24.375,42,16.0046  
"AUG-2018",464,25,42,19.5418  
"OCT-2018",465,24.375,42,11.3286  
"OCT-2018",465,25,42,14.0483  
"OCT-2018",466,24.375,42,4.98532  
"OCT-2018",466,25,42,6.81036  
"DEC-2018",467,24.375,42,-0.745758  
"DEC-2018",467,25,42,1.349  
"DEC-2018",468,24.375,42,-2.19016  
"DEC-2018",468,25,42,0.643036  
"JAN-2019",469,24.375,42,0.495392  
"JAN-2019",469,25,42,3.17175  
"MAR-2019",470,24.375,42,5.92886  
"MAR-2019",470,25,42,8.91122  
"APR-2019",471,24.375,42,8.29294  
"APR-2019",471,25,42,10.9807  
"MAY-2019",472,24.375,42,13.6117  
"MAY-2019",472,25,42,17.0758  
"JUN-2019",473,24.375,42,19.4947  
"JUN-2019",473,25,42,23.1916  
"JUL-2019",474,24.375,42,20.7504  
"JUL-2019",474,25,42,24.0939  
"AUG-2019",475,24.375,42,21.3177  
"AUG-2019",475,25,42,24.3558  
"AUG-2019",476,24.375,42,17.249  
"AUG-2019",476,25,42,20.4189  
"OCT-2019",477,24.375,42,13.9085  
"OCT-2019",477,25,42,16.0094  
"OCT-2019",478,24.375,42,8.87732  
"OCT-2019",478,25,42,11.3246  
"DEC-2019",479,24.375,42,1.92932  
"DEC-2019",479,25,42,4.19302  
"DEC-2019",480,24.375,42,-1.18179  
"DEC-2019",480,25,42,1.32584  